species,Clements_2023_sci_name,Clements_2023_com_name,guild,n_counted,ccs_b,detectability_score,invertebrate-invertebrate,vertebrates-ectotherms,vertebrates-endotherms,vertebrates-fish,vertebrates-unknown,scavenger-scavenger,plant-fruit,plant-nectar,plant-seed,plant-other,forstrat_watbelowsurf,forstrat_wataroundsurf,forstrat_ground,forstrat_understory,forstrat_midhigh,forstrat_canopy,forstrat_aerial,pelagicspecialist,body_mass
Adelomyia melanogenys,Adelomyia melanogenys,Speckled Hummingbird,landbird,3,9,1,10,0,0,0,0,0,0,90,0,0,0,0,0,70,30,0,0,0,4.93
Amazilia tzacatl,Amazilia tzacatl,Rufous-tailed Hummingbird,landbird,33,9,3,10,0,0,0,0,0,0,90,0,0,0,0,0,30,30,30,10,0,4.79
Amazona mercenarius,Amazona mercenarius,Scaly-naped Parrot,landbird,19,12,2,0,0,0,0,0,0,50,10,30,10,0,0,10,20,40,30,0,0,340
Anabacerthia striaticollis,Anabacerthia striaticollis,Montane Foliage-gleaner,landbird,1,11,1,100,0,0,0,0,0,0,0,0,0,0,0,0,0,100,0,0,0,24.8
Anisognathus somptuosus,Anisognathus somptuosus,Blue-winged Mountain Tanager,landbird,13,10,2,50,0,0,0,0,0,50,0,0,0,0,0,0,30,50,20,0,0,44
Anthracothorax nigricollis,Anthracothorax nigricollis,Black-throated Mango,landbird,14,7,2,20,0,0,0,0,0,0,80,0,0,0,0,0,10,30,40,20,0,7
Arremon brunneinucha,Arremon brunneinucha,Chestnut-capped Brushfinch,landbird,17,14,2,50,0,0,0,0,0,0,0,50,0,0,0,30,60,10,0,0,0,43.97
Atlapetes albinucha,Atlapetes albinucha,White-naped Brushfinch,landbird,50,16,1,50,0,0,0,0,0,10,0,40,0,0,0,80,20,0,0,0,0,33.84
Atlapetes flaviceps,Atlapetes flaviceps,Yellow-headed Brushfinch,landbird,8,16,1,30,0,0,0,0,0,40,0,30,0,0,0,70,30,0,0,0,0,33.66
Atlapetes latinuchus,Atlapetes latinuchus,Yellow-breasted Brushfinch,landbird,1,12,1,50,0,0,0,0,0,0,0,50,0,0,0,80,20,0,0,0,0,23.56
Atlapetes schistaceus,Atlapetes schistaceus,Slaty Brushfinch,landbird,3,11,1,50,0,0,0,0,0,50,0,0,0,0,0,70,30,0,0,0,0,28.04
Aulacorhynchus albivitta,Aulacorhynchus albivitta,Southern Emerald-Toucanet,landbird,22,13,2,30,5,5,0,0,0,60,0,0,0,0,0,0,0,60,40,0,0,170.56
Aulacorhynchus haematopygus,Aulacorhynchus haematopygus,Crimson-rumped Toucanet,landbird,22,12,2,10,0,10,0,0,0,80,0,0,0,0,0,0,33,33,33,0,0,194.39
Basileuterus culicivorus,Basileuterus culicivorus,Golden-crowned Warbler,landbird,11,11,1,60,0,0,0,0,0,20,0,20,0,0,0,0,70,30,0,0,0,10.5
Basileuterus tristriatus,Basileuterus tristriatus,Three-striped Warbler,landbird,38,11,2,100,0,0,0,0,0,0,0,0,0,0,0,0,100,0,0,0,0,12.03
Boissonneaua flavescens,Boissonneaua flavescens,Buff-tailed Coronet,landbird,1,11,1,10,0,0,0,0,0,0,90,0,0,0,0,0,0,80,20,0,0,8.2
Bubulcus ibis,Bubulcus ibis,Western Cattle Egret,aquatic,114,9,3,70,10,10,10,0,0,0,0,0,0,0,30,70,0,0,0,0,0,365.95
Buteo platypterus,Buteo platypterus,Broad-winged Hawk,landbird,4,8,1,10,20,70,0,0,0,0,0,0,0,0,0,100,0,0,0,0,0,453.65
Campephilus melanoleucos,Campephilus melanoleucos,Crimson-crested Woodpecker,landbird,1,11,2,90,0,0,0,0,0,5,0,5,0,0,0,0,0,100,0,0,0,256
Campephilus pollens,Campephilus pollens,Powerful Woodpecker,landbird,2,13,1,90,0,0,0,0,0,5,0,5,0,0,0,0,30,40,30,0,0,273.28
Camptostoma obsoletum,Camptostoma obsoletum,Southern Beardless-Tyrannulet,landbird,54,6,2,80,0,0,0,0,0,20,0,0,0,0,0,0,0,80,20,0,0,8.1
Cardellina canadensis,Cardellina canadensis,Canada Warbler,landbird,9,12,1,95,0,0,0,0,0,5,0,0,0,0,0,0,60,40,0,0,0,10.04
Catharus aurantiirostris,Catharus aurantiirostris,Orange-billed Nightingale-thrush,landbird,3,12,1,60,0,0,0,0,0,20,0,20,0,0,0,80,20,0,0,0,0,29.8
Catharus ustulatus,Catharus ustulatus,Swainson's Thrush,landbird,10,8,1,61.67,0,0,0,0,0,38.33,0,0,0,0,0,50,50,0,0,0,0,30.3
Cercomacroides parkeri,Cercomacroides parkeri,Parker's Antbird,landbird,5,15,1,100,0,0,0,0,0,0,0,0,0,0,0,0,80,20,0,0,0,16.93
Chalcothraupis ruficervix,Chalcothraupis ruficervix,Golden-naped Tanager,landbird,2,11,1,60,0,0,0,0,0,20,10,0,10,0,0,0,0,50,50,0,0,19
Chalybura buffonii,Chalybura buffonii,White-vented Plumeleteer,landbird,1,13,1,10,0,0,0,0,0,0,90,0,0,0,0,0,20,40,20,20,0,6.79
Chamaepetes goudotii,Chamaepetes goudotii,Sickle-winged Guan,landbird,14,12,3,0,0,0,0,0,0,90,0,5,5,0,0,20,0,40,40,0,0,727.67
Chlorophanes spiza,Chlorophanes spiza,Green Honeycreeper,landbird,24,12,2,20,0,0,0,0,0,70,10,0,0,0,0,0,10,30,60,0,0,19
Chlorophonia cyanea,Chlorophonia cyanea,Blue-naped Chlorophonia,landbird,1,10,1,10,0,0,0,0,0,90,0,0,0,0,0,0,0,20,80,0,0,14
Chlorophonia cyanocephala,Chlorophonia cyanocephala,Golden-rumped Euphonia,landbird,12,9,2,10,0,0,0,0,0,90,0,0,0,0,0,0,20,40,40,0,0,14
Chlorornis riefferii,Chlorornis riefferii,Grass-green Tanager,landbird,2,11,1,30,0,0,0,0,0,40,0,30,0,0,0,0,30,70,0,0,0,53
Chlorospingus canigularis,Chlorospingus canigularis,Ashy-throated Chlorospingus,landbird,1,15,1,0,0,0,0,0,0,100,0,0,0,0,0,0,10,30,60,0,0,18
Chlorospingus flavopectus,Chlorospingus flavopectus,Common Chlorospingus,landbird,2,11,1,30,0,0,0,0,0,50,20,0,0,0,0,10,30,30,30,0,0,19.98
Chlorostilbon melanorhynchus,Chlorostilbon mellisugus,Blue-tailed Emerald,landbird,12,9,1,0,0,0,0,0,0,0,100,0,0,0,0,0,40,50,10,0,0,2.61
Chrysuronia grayi,Chrysuronia grayi,Blue-headed Sapphire,landbird,4,13,1,20,0,0,0,0,0,0,80,0,0,0,0,0,20,30,50,0,0,5.6
Cinclus leucocephalus,Cinclus leucocephalus,White-capped Dipper,aquatic,1,11,2,90,0,0,10,0,0,0,0,0,0,40,40,20,0,0,0,0,0,44
Cinnycerthia olivascens,Cinnycerthia olivascens,Sharpe's Wren,landbird,5,12,1,100,0,0,0,0,0,0,0,0,0,0,0,60,40,0,0,0,0,24.4
Coccyzus melacoryphus,Coccyzus melacoryphus,Dark-billed Cuckoo,landbird,1,10,1,100,0,0,0,0,0,0,0,0,0,0,0,50,30,20,0,0,0,49.71
Coereba flaveola,Coereba flaveola,Bananaquit,landbird,20,8,3,0,0,0,0,0,0,20,70,10,0,0,0,0,80,20,0,0,0,10.01
Colaptes punctigula,Colaptes punctigula,Spot-breasted Woodpecker,landbird,6,9,3,100,0,0,0,0,0,0,0,0,0,0,0,0,50,50,0,0,0,61.96
Colaptes rubiginosus,Colaptes rubiginosus,Golden-olive Woodpecker,landbird,52,11,2,90,0,0,0,0,0,10,0,0,0,0,0,0,20,50,30,0,0,55.79
Colibri coruscans,Colibri coruscans,Sparkling Violetear,landbird,7,7,2,20,0,0,0,0,0,0,80,0,0,0,0,20,30,30,20,0,0,6.7
Columbina talpacoti,Columbina talpacoti,Ruddy Ground Dove,landbird,61,5,3,10,0,0,0,0,0,0,0,90,0,0,0,100,0,0,0,0,0,46.04
Contopus cooperi,Contopus cooperi,Olive-sided Flycatcher,landbird,15,12,2,100,0,0,0,0,0,0,0,0,0,0,0,0,50,50,0,0,0,32.1
Contopus fumigatus,Contopus fumigatus,Smoke-colored Pewee,landbird,2,9,1,100,0,0,0,0,0,0,0,0,0,0,0,0,33,33,33,0,0,19.9
Contopus sordidulus,Contopus sordidulus,Western Wood-pewee,landbird,6,10,1,100,0,0,0,0,0,0,0,0,0,0,0,33,33,33,0,0,0,13.1
Contopus virens,Contopus virens,Eastern Wood-pewee,landbird,18,9,2,100,0,0,0,0,0,0,0,0,0,0,0,33,33,33,0,0,0,13.9
Coragyps atratus,Coragyps atratus,Black Vulture,landbird,17,5,3,0,0,0,0,0,100,0,0,0,0,0,0,100,0,0,0,0,0,1881.69
Cranioleuca erythrops,Cranioleuca erythrops,Red-faced Spinetail,landbird,6,15,1,90,0,0,0,0,0,0,0,0,10,0,0,0,0,100,0,0,0,16.9
Crotophaga ani,Crotophaga ani,Smooth-billed Ani,landbird,86,8,3,60,20,0,0,0,0,15,0,5,0,0,0,40,30,30,0,0,0,110.09
Crypturellus soui,Crypturellus soui,Little Tinamou,landbird,44,11,2,30,10,0,0,0,0,20,0,40,0,0,0,100,0,0,0,0,0,216.16
Cyanocorax affinis,Cyanocorax affinis,Black-chested Jay,landbird,46,9,2,30,10,0,0,0,0,60,0,0,0,0,0,20,10,40,30,0,0,212
Cyanocorax yncas,Cyanocorax yncas,Green Jay,landbird,30,11,2,60,5,5,0,0,0,15,0,15,0,0,0,0,70,30,0,0,0,78.5
Cyclarhis gujanensis,Cyclarhis gujanensis,Rufous-browed Peppershrike,landbird,5,8,2,60,10,10,0,0,0,20,0,0,0,0,0,0,40,40,20,0,0,28.8
Dacnis hartlaubi,Dacnis hartlaubi,Turquoise Dacnis,landbird,1,15,1,30,0,0,0,0,0,40,30,0,0,0,0,0,0,50,50,0,0,5.08
Daptrius chimachima,Daptrius chimachima,Yellow-headed Caracara,landbird,53,5,3,20,15,5,10,0,40,10,0,0,0,0,0,100,0,0,0,0,0,315.21
Dendrocincla fuliginosa,Dendrocincla fuliginosa,Plain-brown Woodcreeper,landbird,2,12,1,90,0,0,0,10,0,0,0,0,0,0,0,33,33,33,0,0,0,38.7
Dendrocincla tyrannina,Dendrocincla tyrannina,Tyrannine Woodcreeper,landbird,2,12,1,100,0,0,0,0,0,0,0,0,0,0,0,0,10,90,0,0,0,54.9
Dendrocolaptes picumnus,Dendrocolaptes picumnus,Black-banded Woodcreeper,landbird,1,15,1,80,20,0,0,0,0,0,0,0,0,0,0,40,40,20,0,0,0,76.6
Diglossa albilatera,Diglossa albilatera,White-sided Flowerpiercer,landbird,2,10,1,20,0,0,0,0,0,0,80,0,0,0,0,0,50,40,10,0,0,9.84
Diglossa cyanea,Diglossa cyanea,Masked Flowerpiercer,landbird,4,10,1,30,0,0,0,0,0,60,10,0,0,0,0,10,20,40,30,0,0,17.04
Diglossa sittoides,Diglossa sittoides,Rusty Flowerpiercer,landbird,2,9,1,60,0,0,0,0,0,0,40,0,0,0,0,0,60,40,0,0,0,9
Dryobates dignus,Dryobates dignus,Yellow-vented Woodpecker,landbird,1,10,1,100,0,0,0,0,0,0,0,0,0,0,0,0,0,60,40,0,0,37.6
Dryobates fumigatus,Dryobates fumigatus,Smoky-brown Woodpecker,landbird,13,13,1,90,0,0,0,0,0,10,0,0,0,0,0,0,50,0,50,0,0,36.2
Dryobates kirkii,Dryobates kirkii,Red-rumped Woodpecker,landbird,2,14,1,100,0,0,0,0,0,0,0,0,0,0,0,0,10,50,40,0,0,28.8
Dryocopus lineatus,Dryocopus lineatus,Lineated Woodpecker,landbird,37,9,3,80,0,0,0,0,0,10,0,10,0,0,0,20,20,60,0,0,0,183.19
Dubusia taeniata,Dubusia taeniata,Buff-breasted Mountain Tanager,landbird,2,12,1,30,0,0,0,0,0,40,0,30,0,0,0,0,80,20,0,0,0,37
Dysithamnus mentalis,Dysithamnus mentalis,Plain Antvireo,landbird,15,12,2,90,0,0,0,0,0,10,0,0,0,0,0,0,40,40,20,0,0,14.87
Elaenia flavogaster,Elaenia flavogaster,Yellow-bellied Elaenia,landbird,60,7,3,60,0,0,0,0,0,40,0,0,0,0,0,0,20,40,30,10,0,24.8
Elaenia frantzii,Elaenia frantzii,Mountain Elaenia,landbird,5,14,1,40,0,0,0,0,0,60,0,0,0,0,0,0,20,80,0,0,0,19.6
Empidonax virescens,Empidonax virescens,Acadian Flycatcher,landbird,4,9,1,100,0,0,0,0,0,0,0,0,0,0,0,0,33,33,33,0,0,12.6
Eubucco bourcierii,Eubucco bourcierii,Red-headed Barbet,landbird,1,15,2,60,0,0,0,0,0,40,0,0,0,0,0,0,20,80,0,0,0,37
Eucometis penicillata,Eucometis penicillata,Gray-headed Tanager,landbird,1,12,1,70,0,0,0,0,0,30,0,0,0,0,0,0,90,10,0,0,0,27
Euphonia laniirostris,Euphonia laniirostris,Thick-billed Euphonia,landbird,10,7,3,0,0,0,0,0,0,100,0,0,0,0,0,0,0,70,30,0,0,15
Euphonia xanthogaster,Euphonia xanthogaster,Orange-bellied Euphonia,landbird,9,10,2,20,0,0,0,0,0,80,0,0,0,0,0,0,20,60,20,0,0,13
Falco sparverius,Falco sparverius,American Kestrel,landbird,1,10,3,70,10,20,0,0,0,0,0,0,0,0,0,50,40,10,0,0,0,114.61
Florisuga mellivora,Florisuga mellivora,White-necked Jacobin,landbird,3,10,1,20,0,0,0,0,0,0,80,0,0,0,0,0,10,40,30,20,0,7.4
Formicarius rufipectus,Formicarius rufipectus,Rufous-breasted Antthrush,landbird,1,15,1,100,0,0,0,0,0,0,0,0,0,0,0,100,0,0,0,0,0,74.4
Forpus conspicillatus,Forpus conspicillatus,Spectacled Parrotlet,landbird,52,15,3,0,0,0,0,0,0,40,0,50,10,0,0,50,50,0,0,0,0,26.4
Geotrygon montana,Geotrygon montana,Ruddy Quail-dove,landbird,3,12,1,10,0,0,0,0,0,60,0,30,0,0,0,100,0,0,0,0,0,133.86
Glyphorynchus spirurus,Glyphorynchus spirurus,Wedge-billed Woodcreeper,landbird,2,12,1,90,0,0,0,0,0,0,0,5,5,0,0,0,0,40,60,0,0,14.6
Habia cristata,Habia cristata,Crested Ant-tanager,landbird,20,16,3,70,0,0,0,0,0,20,0,10,0,0,0,10,30,60,0,0,0,37.32
Heliomaster longirostris,Heliomaster longirostris,Long-billed Starthroat,landbird,1,9,1,10,0,0,0,0,0,0,90,0,0,0,0,0,0,30,60,10,0,6.6
Hemithraupis guira,Hemithraupis guira,Guira Tanager,landbird,3,10,2,60,0,0,0,0,0,40,0,0,0,0,0,0,0,10,90,0,0,12
Hemitriccus granadensis,Hemitriccus granadensis,Black-throated Tody-tyrant,landbird,3,10,1,100,0,0,0,0,0,0,0,0,0,0,0,0,40,60,0,0,0,7.9
Henicorhina leucophrys,Henicorhina leucophrys,Gray-breasted Wood-wren,landbird,64,14,3,100,0,0,0,0,0,0,0,0,0,0,0,50,50,0,0,0,0,16.19
Henicorhina leucosticta,Henicorhina leucosticta,White-breasted Wood-wren,landbird,20,12,3,100,0,0,0,0,0,0,0,0,0,0,0,40,50,10,0,0,0,14.18
Icterus chrysater,Icterus chrysater,Yellow-backed Oriole,landbird,182,13,3,40,0,0,0,0,0,30,30,0,0,0,0,0,40,40,20,0,0,53.4
Icterus nigrogularis,Icterus nigrogularis,Yellow Oriole,landbird,23,8,3,80,0,0,0,0,0,10,10,0,0,0,0,0,0,0,100,0,0,40.2
Legatus leucophaius,Legatus leucophaius,Piratic Flycatcher,landbird,14,8,3,10,0,0,0,0,0,90,0,0,0,0,0,0,0,20,80,0,0,22.2
Leiothlypis peregrina,Leiothlypis peregrina,Tennessee Warbler,landbird,1,8,1,73.33,0,0,0,0,0,13.33,13.33,0,0,0,0,0,30,40,30,0,0,8.9
Lepidocolaptes lacrymiger,Lepidocolaptes lacrymiger,Montane Woodcreeper,landbird,2,9,1,100,0,0,0,0,0,0,0,0,0,0,0,0,30,70,0,0,0,30.6
Lepidocolaptes souleyetii,Lepidocolaptes souleyetii,Streak-headed Woodcreeper,landbird,1,12,1,90,0,0,0,0,0,10,0,0,0,0,0,0,0,100,0,0,0,25.7
Leptopogon superciliaris,Leptopogon superciliaris,Slaty-capped Flycatcher,landbird,27,12,2,80,0,0,0,0,0,20,0,0,0,0,0,0,0,100,0,0,0,11.7
Leptosittaca branickii,Leptosittaca branickii,Golden-plumed Parakeet,landbird,6,13,1,0,0,0,0,0,0,40,0,60,0,0,0,0,33,33,33,0,0,66.48
Leptotila verreauxi,Leptotila verreauxi,White-tipped Dove,landbird,3,8,2,10,0,0,0,0,0,30,0,60,0,0,0,100,0,0,0,0,0,146.88
Lophotriccus pileatus,Lophotriccus pileatus,Scale-crested Pygmy-tyrant,landbird,2,13,1,100,0,0,0,0,0,0,0,0,0,0,0,0,0,70,30,0,0,7.47
Loriotus luctuosus,Loriotus luctuosus,White-shouldered Tanager,landbird,2,12,1,80,0,0,0,0,0,20,0,0,0,0,0,0,20,50,30,0,0,13
Malacoptila mystacalis,Malacoptila mystacalis,Moustached Puffbird,landbird,6,12,1,90,10,0,0,0,0,0,0,0,0,0,0,30,40,30,0,0,0,49
Melanerpes formicivorus,Melanerpes formicivorus,Acorn Woodpecker,landbird,36,10,2,20,0,0,0,0,0,20,0,56.67,3.33,0,0,0,0,40,60,0,0,79.62
Melanerpes rubricapillus,Melanerpes rubricapillus,Red-crowned Woodpecker,landbird,4,10,3,60,0,0,0,0,0,30,10,0,0,0,0,0,50,50,0,0,0,52.33
Merganetta armata,Merganetta armata,Torrent Duck,aquatic,3,12,2,100,0,0,0,0,0,0,0,0,0,40,60,0,0,0,0,0,0,398.82
Mimus gilvus,Mimus gilvus,Tropical Mockingbird,landbird,6,8,3,40,10,10,0,0,0,40,0,0,0,0,0,50,50,0,0,0,0,51.99
Mionectes oleagineus,Mionectes oleagineus,Ochre-bellied Flycatcher,landbird,3,11,1,50,0,0,0,0,0,50,0,0,0,0,0,0,50,50,0,0,0,11.17
Mionectes striaticollis,Mionectes striaticollis,Streak-necked Flycatcher,landbird,16,10,1,50,0,0,0,0,0,50,0,0,0,0,0,0,40,60,0,0,0,15
Mniotilta varia,Mniotilta varia,Black-and-white Warbler,landbird,5,8,2,100,0,0,0,0,0,0,0,0,0,0,0,0,20,60,20,0,0,10.9
Molothrus bonariensis,Molothrus bonariensis,Shiny Cowbird,landbird,20,7,3,66.67,0,0,0,0,0,0,0,33.33,0,0,0,100,0,0,0,0,0,41.49
Molothrus oryzivorus,Molothrus oryzivorus,Giant Cowbird,landbird,11,9,3,30,0,0,0,0,0,30,30,10,0,0,0,40,10,10,40,0,0,181.85
Momotus aequatorialis,Momotus aequatorialis,Andean Motmot,landbird,117,11,3,70,0,10,0,0,0,20,0,0,0,0,0,40,20,40,0,0,0,158
Myadestes ralloides,Myadestes ralloides,Andean Solitaire,landbird,26,10,3,50,0,0,0,0,0,50,0,0,0,0,0,0,0,70,30,0,0,29.1
Myiarchus apicalis,Myiarchus apicalis,Apical Flycatcher,landbird,2,11,2,50,0,0,0,0,0,50,0,0,0,0,0,0,30,70,0,0,0,29.2
Myiarchus cephalotes,Myiarchus cephalotes,Pale-edged Flycatcher,landbird,2,9,2,70,0,0,0,0,0,0,0,30,0,0,0,0,50,50,0,0,0,26.25
Myiarchus tuberculifer,Myiarchus tuberculifer,Dusky-capped Flycatcher,landbird,3,9,2,80,0,0,0,0,0,10,0,10,0,0,0,0,33,33,33,0,0,17.7
Myioborus miniatus,Myioborus miniatus,Slate-throated Redstart,landbird,58,11,3,90,0,0,0,0,0,0,0,0,10,0,0,0,0,100,0,0,0,9
Myioborus ornatus,Myioborus ornatus,Golden-fronted Redstart,landbird,5,13,2,100,0,0,0,0,0,0,0,0,0,0,0,0,0,100,0,0,0,11.7
Myiodynastes hemichrysus,Myiodynastes hemichrysus,Golden-bellied Flycatcher,landbird,32,16,2,40,0,0,0,0,0,60,0,0,0,0,0,0,0,80,20,0,0,43.4
Myiopagis viridicata,Myiopagis viridicata,Greenish Elaenia,landbird,17,11,1,60,0,0,0,0,0,30,0,10,0,0,0,0,0,50,50,0,0,11.51
Myiophobus flavicans,Myiophobus flavicans,Flavescent Flycatcher,landbird,1,10,1,100,0,0,0,0,0,0,0,0,0,0,0,50,50,0,0,0,0,12.7
Myiothlypis coronata,Myiothlypis coronata,Russet-crowned Warbler,landbird,6,11,1,100,0,0,0,0,0,0,0,0,0,0,0,0,70,30,0,0,0,16.3
Myiothlypis fulvicauda,Myiothlypis fulvicauda,Buff-rumped Warbler,landbird,19,12,2,100,0,0,0,0,0,0,0,0,0,0,0,80,20,0,0,0,0,14.9
Myiothlypis nigrocristata,Myiothlypis nigrocristata,Black-crested Warbler,landbird,2,11,1,100,0,0,0,0,0,0,0,0,0,0,0,0,100,0,0,0,0,13.64
Myiotriccus ornatus,Myiotriccus ornatus,Ornate Flycatcher,landbird,2,11,1,100,0,0,0,0,0,0,0,0,0,0,0,0,30,70,0,0,0,9.9
Myiozetetes cayanensis,Myiozetetes cayanensis,Rusty-margined Flycatcher,landbird,108,6,3,60,0,0,0,0,0,40,0,0,0,0,0,50,30,20,0,0,0,25.9
Nyctibius griseus,Nyctibius griseus,Common Potoo,landbird,1,10,1,100,0,0,0,0,0,0,0,0,0,0,0,0,0,90,0,10,0,172.04
Ortalis columbiana,Ortalis columbiana,Colombian Chachalaca,landbird,144,13,3,0,0,0,0,0,0,100,0,0,0,0,0,0,0,50,50,0,0,547.72
Pachyramphus polychopterus,Pachyramphus polychopterus,White-winged Becard,landbird,15,9,2,60,0,0,0,0,0,40,0,0,0,0,0,0,0,100,0,0,0,20.8
Pachyramphus rufus,Pachyramphus rufus,Cinereous Becard,landbird,10,11,2,80,0,0,0,0,0,20,0,0,0,0,0,0,0,100,0,0,0,18.8
Pachyramphus versicolor,Pachyramphus versicolor,Barred Becard,landbird,1,12,1,80,0,0,0,0,0,20,0,0,0,0,0,0,80,20,0,0,0,15.5
Pachysylvia semibrunnea,Pachysylvia semibrunnea,Rufous-naped Greenlet,landbird,2,12,1,100,0,0,0,0,0,0,0,0,0,0,0,0,0,80,20,0,0,11.4
Parkesia noveboracensis,Parkesia noveboracensis,Northern Waterthrush,landbird,2,7,2,95,0,0,0,0,0,5,0,0,0,0,0,80,20,0,0,0,0,16.3
Patagioenas cayennensis,Patagioenas cayennensis,Pale-vented Pigeon,landbird,1,9,3,0,0,0,0,0,0,60,0,40,0,0,0,20,0,40,40,0,0,229
Patagioenas fasciata,Patagioenas fasciata,Band-tailed Pigeon,landbird,32,10,2,0,0,0,0,0,0,49.17,0,40,10.83,0,0,0,50,50,0,0,0,366.3
Phaethornis guy,Phaethornis guy,Green Hermit,landbird,12,12,1,20,0,0,0,0,0,0,80,0,0,0,0,0,100,0,0,0,0,6.3
Phaethornis syrmatophorus,Phaethornis syrmatophorus,Tawny-bellied Hermit,landbird,8,11,1,10,0,0,0,0,0,0,90,0,0,0,0,0,100,0,0,0,0,5.8
Pheucticus ludovicianus,Pheucticus ludovicianus,Rose-breasted Grosbeak,landbird,5,10,1,48.33,0,0,0,0,0,33.33,0,11.67,6.67,0,0,20,20,30,30,0,0,42
Pheugopedius mystacalis,Pheugopedius mystacalis,Whiskered Wren,landbird,116,11,2,100,0,0,0,0,0,0,0,0,0,0,0,30,30,40,0,0,0,29
Philodice mitchellii,Philodice mitchellii,Purple-throated Woodstar,landbird,2,15,1,10,0,0,0,0,0,0,90,0,0,0,0,0,0,30,60,10,0,3.1
Phimosus infuscatus,Phimosus infuscatus,Bare-faced Ibis,aquatic,23,5,3,100,0,0,0,0,0,0,0,0,0,0,80,20,0,0,0,0,0,559
Piaya cayana,Piaya cayana,Squirrel Cuckoo,landbird,13,9,3,80,10,0,0,0,0,10,0,0,0,0,0,0,0,20,80,0,0,101.98
Picumnus granadensis,Picumnus granadensis,Grayish Piculet,landbird,12,14,2,100,0,0,0,0,0,0,0,0,0,0,0,0,50,50,0,0,0,12.2
Pionus chalcopterus,Pionus chalcopterus,Bronze-winged Parrot,landbird,44,13,3,0,0,0,0,0,0,80,0,20,0,0,0,0,30,50,20,0,0,210
Pionus menstruus,Pionus menstruus,Blue-headed Parrot,landbird,7,7,3,0,0,0,0,0,0,40,0,50,10,0,0,0,30,50,20,0,0,251
Pionus tumultuosus,Pionus tumultuosus,Speckle-faced Parrot,landbird,1,13,1,0,0,0,0,0,0,100,0,0,0,0,0,0,40,40,20,0,0,239
Pipraeidea melanonota,Pipraeidea melanonota,Fawn-breasted Tanager,landbird,2,9,1,20,0,0,0,0,0,40,0,20,20,0,0,0,10,20,60,10,0,21
Pipreola riefferii,Pipreola riefferii,Green-and-black Fruiteater,landbird,3,11,1,0,0,0,0,0,0,100,0,0,0,0,0,0,50,50,0,0,0,49.3
Piranga flava,Piranga flava,Hepatic Tanager,landbird,5,7,1,45,0,0,0,0,0,20,35,0,0,0,0,0,10,30,60,0,0,37.7
Piranga rubra,Piranga rubra,Summer Tanager,landbird,21,8,2,90,0,0,0,0,0,10,0,0,0,0,0,0,20,30,30,20,0,29.13
Pitangus sulphuratus,Pitangus sulphuratus,Great Kiskadee,landbird,47,6,3,55,7.5,0,12.5,0,0,25,0,0,0,0,0,50,40,10,0,0,0,62.85
Poecilotriccus ruficeps,Poecilotriccus ruficeps,Rufous-crowned Tody-flycatcher,landbird,1,12,1,100,0,0,0,0,0,0,0,0,0,0,0,0,100,0,0,0,0,8.81
Pogonotriccus ophthalmicus,Pogonotriccus ophthalmicus,Marble-faced Bristle-tyrant,landbird,1,10,1,100,0,0,0,0,0,0,0,0,0,0,0,0,10,90,0,0,0,9.2
Pogonotriccus poecilotis,Pogonotriccus poecilotis,Variegated Bristle-tyrant,landbird,1,10,1,100,0,0,0,0,0,0,0,0,0,0,0,0,0,100,0,0,0,8
Polioptila plumbea,Polioptila plumbea,Tropical Gnatcatcher,landbird,1,10,1,100,0,0,0,0,0,0,0,0,0,0,0,0,33,33,33,0,0,6
Premnoplex brunnescens,Premnoplex brunnescens,Spotted Barbtail,landbird,3,13,1,100,0,0,0,0,0,0,0,0,0,0,0,0,80,20,0,0,0,16.3
Premnornis guttuliger,Premnornis guttuliger,Rusty-winged Barbtail,landbird,1,10,1,100,0,0,0,0,0,0,0,0,0,0,0,0,50,50,0,0,0,15.9
Pseudocolaptes boissonneautii,Pseudocolaptes boissonneautii,Streaked Tuftedcheek,landbird,2,10,1,50,50,0,0,0,0,0,0,0,0,0,0,0,0,50,50,0,0,43.9
Psittacara wagleri,Psittacara wagleri,Scarlet-fronted Parakeet,landbird,5,13,3,0,0,0,0,0,0,60,0,40,0,0,0,50,50,0,0,0,0,194
Pygochelidon cyanoleuca,Pygochelidon cyanoleuca,Blue-and-white Swallow,landbird,7,8,3,100,0,0,0,0,0,0,0,0,0,0,0,0,0,100,0,0,0,9.7
Pyrocephalus rubinus,Pyrocephalus rubinus,Vermilion Flycatcher,landbird,20,6,3,100,0,0,0,0,0,0,0,0,0,0,0,0,50,50,0,0,0,14.4
Pyrrhomyias cinnamomeus,Pyrrhomyias cinnamomeus,Cinnamon Flycatcher,landbird,5,9,1,80,0,0,0,0,0,20,0,0,0,0,0,0,100,0,0,0,0,9.9
Ramphocelus dimidiatus,Ramphocelus dimidiatus,Crimson-backed Tanager,landbird,16,10,3,30,0,0,0,0,0,0,0,70,0,0,0,10,50,40,0,0,0,28
Ramphocelus flammigerus,Ramphocelus flammigerus,Flame-rumped Tanager,landbird,66,11,2,50,0,0,0,0,0,50,0,0,0,0,0,10,30,40,20,0,0,33
Rupornis magnirostris,Rupornis magnirostris,Roadside Hawk,landbird,77,6,3,60,25,15,0,0,0,0,0,0,0,0,0,33,33,33,0,0,0,269
Saltator atripennis,Saltator atripennis,Black-winged Saltator,landbird,19,11,2,0,0,0,0,0,0,100,0,0,0,0,0,0,0,20,80,0,0,52
Saltator striatipectus,Saltator striatipectus,Streaked Saltator,landbird,75,9,2,40,0,0,0,0,0,40,0,20,0,0,0,0,20,60,20,0,0,39
Saucerottia saucerottei,Saucerottia saucerottei,Steely-vented Hummingbird,landbird,23,11,2,10,0,0,0,0,0,0,90,0,0,0,0,10,40,50,0,0,0,4.5
Sayornis nigricans,Sayornis nigricans,Black Phoebe,landbird,24,8,3,90,10,0,0,0,0,0,0,0,0,0,0,0,80,20,0,0,0,18.63
Schistes albogularis,Schistes albogularis,White-throated Daggerbill,landbird,3,13,1,10,0,0,0,0,0,0,90,0,0,0,0,0,30,60,10,0,0,3.6
Scytalopus spillmanni,Scytalopus spillmanni,Spillmann's Tapaculo,landbird,3,12,1,100,0,0,0,0,0,0,0,0,0,0,0,60,40,0,0,0,0,23.54
Serpophaga cinerea,Serpophaga cinerea,Torrent Tyrannulet,landbird,22,13,3,100,0,0,0,0,0,0,0,0,0,0,0,60,40,0,0,0,0,8.3
Setophaga fusca,Setophaga fusca,Blackburnian Warbler,landbird,68,10,3,100,0,0,0,0,0,0,0,0,0,0,0,0,0,20,60,20,0,9.74
Setophaga petechia,Setophaga petechia,Yellow Warbler,landbird,1,8,2,93.33,0,0,0,0,0,6.67,0,0,0,0,0,0,20,80,0,0,0,10.22
Setophaga pitiayumi,Setophaga pitiayumi,Tropical Parula,landbird,13,10,2,80,0,0,0,0,0,10,0,0,10,0,0,0,0,0,100,0,0,6.82
Setophaga ruticilla,Setophaga ruticilla,American Redstart,landbird,4,8,1,93.33,0,0,0,0,0,6.67,0,0,0,0,0,0,0,80,20,0,0,8.24
Setophaga striata,Setophaga striata,Blackpoll Warbler,landbird,1,10,1,80,0,0,0,0,0,20,0,0,0,0,0,0,0,100,0,0,0,11.84
Sicalis flaveola,Sicalis flaveola,Saffron Finch,landbird,74,7,3,40,0,0,0,0,0,0,0,60,0,0,0,40,60,0,0,0,0,17.7
Sphenopsis frontalis,Sphenopsis frontalis,Oleaginous Hemispingus,landbird,6,11,1,100,0,0,0,0,0,0,0,0,0,0,0,0,90,10,0,0,0,17
Sphenopsis melanotis,Sphenopsis melanotis,Black-eared Hemispingus,landbird,1,10,1,80,0,0,0,0,0,0,0,20,0,0,0,0,60,30,10,0,0,16
Spinus psaltria,Spinus psaltria,Lesser Goldfinch,landbird,54,8,2,0,0,0,0,0,0,30,10,30,30,0,0,20,40,40,0,0,0,8.77
Spinus xanthogastrus,Spinus xanthogastrus,Yellow-bellied Siskin,landbird,9,13,1,0,0,0,0,0,0,0,0,100,0,0,0,0,0,70,30,0,0,12.7
Sporathraupis cyanocephala,Sporathraupis cyanocephala,Blue-capped Tanager,landbird,12,9,2,10,0,0,0,0,0,90,0,0,0,0,0,0,0,20,70,10,0,36
Sporophila intermedia,Sporophila intermedia,Gray Seedeater,landbird,12,9,1,3.33,0,0,0,0,0,0,3.33,93.33,0,0,0,100,0,0,0,0,0,13.5
Sporophila luctuosa,Sporophila luctuosa,Black-and-white Seedeater,landbird,19,9,2,0,0,0,0,0,0,0,0,100,0,0,0,40,60,0,0,0,0,12.5
Sporophila minuta,Sporophila minuta,Ruddy-breasted Seedeater,landbird,4,10,2,10,0,0,0,0,0,10,0,80,0,0,0,50,50,0,0,0,0,8
Sporophila nigricollis,Sporophila nigricollis,Yellow-bellied Seedeater,landbird,185,7,2,0,0,0,0,0,0,0,0,100,0,0,0,30,70,0,0,0,0,9.85
Sporophila schistacea,Sporophila schistacea,Slate-colored Seedeater,landbird,14,15,1,0,0,0,0,0,0,0,0,100,0,0,0,80,20,0,0,0,0,12.85
Stelgidopteryx ruficollis,Stelgidopteryx ruficollis,Southern Rough-winged Swallow,landbird,34,7,3,100,0,0,0,0,0,0,0,0,0,0,0,0,40,60,0,0,0,16.1
Stilpnia cyanicollis,Stilpnia cyanicollis,Blue-necked Tanager,landbird,61,9,1,10,0,0,0,0,0,90,0,0,0,0,0,0,0,80,20,0,0,17
Stilpnia heinei,Stilpnia heinei,Black-capped Tanager,landbird,64,11,2,50,0,0,0,0,0,50,0,0,0,0,0,0,20,40,40,0,0,20.2
Stilpnia vitriolina,Stilpnia vitriolina,Scrub Tanager,landbird,168,9,2,60,0,0,0,0,0,40,0,0,0,0,0,0,30,40,30,0,0,23
Streptoprocne rutila,Streptoprocne rutila,Chestnut-collared Swift,landbird,1,11,2,100,0,0,0,0,0,0,0,0,0,0,0,0,0,0,0,100,0,20.2
Synallaxis albescens,Synallaxis albescens,Pale-breasted Spinetail,landbird,47,6,3,100,0,0,0,0,0,0,0,0,0,0,0,30,70,0,0,0,0,11.2
Synallaxis azarae,Synallaxis azarae,Azara's Spinetail,landbird,130,7,3,80,0,0,0,0,0,0,0,20,0,0,0,0,80,20,0,0,0,16.9
Synallaxis brachyura,Synallaxis brachyura,Slaty Spinetail,landbird,14,11,2,100,0,0,0,0,0,0,0,0,0,0,0,50,50,0,0,0,0,18.3
Tachyphonus rufus,Tachyphonus rufus,White-lined Tanager,landbird,11,7,3,30,0,0,0,0,0,60,10,0,0,0,0,20,50,10,10,10,0,34.4
Tangara arthus,Tangara arthus,Golden Tanager,landbird,46,13,2,40,0,0,0,0,0,60,0,0,0,0,0,0,10,60,30,0,0,22
Tangara gyrola,Tangara gyrola,Bay-headed Tanager,landbird,67,11,1,28.33,0,0,0,0,0,71.67,0,0,0,0,0,0,10,50,40,0,0,21
Tangara labradorides,Tangara labradorides,Metallic-green Tanager,landbird,17,11,2,50,0,0,0,0,0,50,0,0,0,0,0,0,20,50,30,0,0,15
Tangara nigroviridis,Tangara nigroviridis,Beryl-spangled Tanager,landbird,24,10,2,30,0,0,0,0,0,70,0,0,0,0,0,0,40,40,20,0,0,17
Tangara vassorii,Tangara vassorii,Blue-and-black Tanager,landbird,22,12,2,20,0,0,0,0,0,80,0,0,0,0,0,0,30,40,30,0,0,18
Tangara xanthocephala,Tangara xanthocephala,Saffron-crowned Tanager,landbird,3,11,1,10,0,0,0,0,0,90,0,0,0,0,0,0,30,40,30,0,0,19
Tapera naevia,Tapera naevia,Striped Cuckoo,landbird,33,8,3,100,0,0,0,0,0,0,0,0,0,0,0,50,30,20,0,0,0,48.42
Taraba major,Taraba major,Great Antshrike,landbird,3,9,1,60,20,5,5,0,0,0,0,0,10,0,0,40,40,20,0,0,0,59.2
Thamnophilus multistriatus,Thamnophilus multistriatus,Bar-crested Antshrike,landbird,167,10,3,90,0,0,0,0,0,0,0,10,0,0,0,30,30,40,0,0,0,27.5
Theristicus caudatus,Theristicus caudatus,Buff-necked Ibis,aquatic,35,7,3,90,5,5,0,0,0,0,0,0,0,0,0,100,0,0,0,0,0,1726
Thraupis episcopus,Thraupis episcopus,Blue-gray Tanager,landbird,167,5,3,40,0,0,0,0,0,50,10,0,0,0,0,0,10,90,0,0,0,35
Thraupis palmarum,Thraupis palmarum,Palm Tanager,landbird,59,6,3,50,0,0,0,0,0,50,0,0,0,0,0,0,0,20,70,10,0,39
Thripadectes holostictus,Thripadectes holostictus,Striped Treehunter,landbird,1,10,1,90,0,0,0,10,0,0,0,0,0,0,0,60,40,0,0,0,0,40.7
Thripadectes virgaticeps,Thripadectes virgaticeps,Streak-capped Treehunter,landbird,1,11,1,80,20,0,0,0,0,0,0,0,0,0,0,0,100,0,0,0,0,65.8
Tiaris olivaceus,Tiaris olivaceus,Yellow-faced Grassquit,landbird,217,8,2,10,0,0,0,0,0,10,10,70,0,0,0,90,10,0,0,0,0,8.5
Todirostrum cinereum,Todirostrum cinereum,Common Tody-flycatcher,landbird,25,7,3,90,0,0,0,0,0,10,0,0,0,0,0,0,33,33,33,0,0,6.29
Tolmomyias sulphurescens,Tolmomyias sulphurescens,Yellow-olive Flatbill,landbird,6,9,2,90,0,0,0,0,0,10,0,0,0,0,0,0,30,70,0,0,0,14.3
Troglodytes aedon,Troglodytes aedon,House Wren,landbird,283,5,3,100,0,0,0,0,0,0,0,0,0,0,0,0,100,0,0,0,0,10.85
Trogon collaris,Trogon collaris,Collared Trogon,landbird,3,10,1,40,0,0,0,0,0,60,0,0,0,0,0,0,30,70,0,0,0,65.43
Trogon personatus,Trogon personatus,Masked Trogon,landbird,2,9,1,40,0,0,0,0,0,60,0,0,0,0,0,0,0,70,30,0,0,63.39
Turdus fuscater,Turdus fuscater,Great Thrush,landbird,49,8,2,40,5,5,0,0,0,50,0,0,0,0,0,100,0,0,0,0,0,143
Turdus ignobilis,Turdus ignobilis,Black-billed Thrush,landbird,95,7,3,30,0,0,0,0,0,40,0,30,0,0,0,20,30,30,20,0,0,63.78
Tyrannus melancholicus,Tyrannus melancholicus,Tropical Kingbird,landbird,326,5,3,70,0,0,0,0,0,30,0,0,0,0,0,0,0,50,50,0,0,37.4
Uranomitra franciae,Uranomitra franciae,Andean Emerald,landbird,5,11,1,10,0,0,0,0,0,0,90,0,0,0,0,0,10,80,10,0,0,5
Vanellus chilensis,Vanellus chilensis,Southern Lapwing,aquatic,145,5,3,90,0,0,10,0,0,0,0,0,0,0,20,80,0,0,0,0,0,327
Vireo leucophrys,Vireo leucophrys,Brown-capped Vireo,landbird,119,15,1,90,0,0,0,0,0,10,0,0,0,0,0,0,10,30,60,0,0,12.3
Vireo olivaceus,Vireo olivaceus,Red-eyed Vireo,landbird,6,5,1,55,0,0,0,0,0,45,0,0,0,0,0,0,0,20,80,0,0,16.06
Volatinia jacarina,Volatinia jacarina,Blue-black Grassquit,landbird,60,4,3,10,0,0,0,0,0,10,0,80,0,0,0,100,0,0,0,0,0,10
Xenops rutilans,Xenops rutilans,Streaked Xenops,landbird,15,9,1,100,0,0,0,0,0,0,0,0,0,0,0,0,20,80,0,0,0,11.2
Xiphocolaptes promeropirhynchus,Xiphocolaptes promeropirhynchus,Strong-billed Woodcreeper,landbird,4,14,2,90,10,0,0,0,0,0,0,0,0,0,0,0,40,60,0,0,0,93.04
Xiphorhynchus susurrans,Xiphorhynchus susurrans,Cocoa Woodcreeper,landbird,12,13,2,90,10,0,0,0,0,0,0,0,0,0,0,0,33,33,33,0,0,46.72
Xiphorhynchus triangularis,Xiphorhynchus triangularis,Olive-backed Woodcreeper,landbird,3,12,1,100,0,0,0,0,0,0,0,0,0,0,0,0,0,100,0,0,0,46.3
Zenaida auriculata,Zenaida auriculata,Eared Dove,landbird,72,4,3,0,0,0,0,0,0,0,0,100,0,0,0,20,20,40,20,0,0,110.2
Zentrygon frenata,Zentrygon frenata,White-throated Quail-dove,landbird,4,11,1,30,0,0,0,0,0,30,0,40,0,0,0,100,0,0,0,0,0,307
Zimmerius chrysops,Zimmerius chrysops,Golden-faced Tyrannulet,landbird,432,8,3,60,0,0,0,0,0,40,0,0,0,0,0,0,0,0,100,0,0,10.4
Zonotrichia capensis,Zonotrichia capensis,Rufous-collared Sparrow,landbird,324,5,3,70,0,0,0,0,0,0,0,30,0,0,0,100,0,0,0,0,0,20.31
